Article Title,Author,Journal Title,ISSN,ISBN,Publication Date,Volume,Issue,First Page,Page Count,Accession Number,DOI,Publisher,Doctype,Subjects,Keywords,Abstract,PLink
"A high-density EEG investigation into steady state binaural beat stimulation.","Goodin, Peter; Ciorciari, Joseph; Baker, Kate; Carrey, Anne-Marie; Harper, Michelle; Kaufman, Jordy","PLoS ONE",="19326203",,="20120409","7","4",,,"2012-12593-001","10.1371/annotation/89b655ea-6877-411d-abee-e1f4806f5f78","Public Library of Science","Journal Article","Electroencephalography; Personality Traits; Theta Rhythm; Beta Rhythm; Adulthood (18 yrs & older); Young Adulthood (18-29 yrs); Thirties (30-39 yrs); Middle Age (40-64 yrs); Male; Female",,"Binaural beats are an auditory phenomenon that has been suggested to alter physiological and cognitive processes including vigilance and brainwave entrainment. Some personality traits measured by the NEO Five Factor Model have been found to alter entrainment using pulsing light stimuli, but as yet no studies have examined if this occurs using steady state presentation of binaural beats for a relatively short presentation of two minutes. This study aimed to examine if binaural beat stimulation altered vigilance or cortical frequencies and if personality traits were involved. Thirty-one participants were played binaural beat stimuli designed to elicit a response at either the Theta (7 Hz) or Beta (16 Hz) frequency bands while undertaking a zero-back vigilance task. EEG was recorded from a high-density electrode cap. No significant differences were found in vigilance or cortical frequency power during binaural beat stimulation compared to a white noise control period. Furthermore, no significant relationships were detected between the above and the Big Five personality traits. This suggests a short presentation of steady state binaural beats are not sufficient to alter vigilance or entrain cortical frequencies at the two bands examined and that certain personality traits were not more susceptible than others. (PsycINFO Database Record (c) 2016 APA, all rights reserved)","https://search.ebscohost.com/login.aspx?direct=true&AuthType=ip,shib,uid&db=psyh&AN=2012-12593-001&lang=es&site=ehost-live"
"A new perspective on binaural beats: Investigating the effects of spatially moving sounds on human mental states.","Sudre, Salomé; Kronland-Martinet, Richard; Petit, Laetitia; Rozé, Jocelyn; Ystad, Sølvi; Aramaki, Mitsuko","PLoS ONE",="19326203",,="20240731","19","7",,,"2025-10934-001","10.1371/journal.pone.0306427","Public Library of Science","Journal Article","Auditory Stimulation; Cognition; Pitch (Frequency); Adulthood (18 yrs & older); Young Adulthood (18-29 yrs); Thirties (30-39 yrs); Middle Age (40-64 yrs); Male; Female",,"When individuals are exposed to two pure tones with close frequencies presented separately in each ear, they perceive a third sound known as binaural beats (BB), characterized by a frequency equal to the difference between the two tones. Previous research has suggested that BB may influence brain activity, potentially benefiting attention and relaxation. In this study, we hypothesized that the impact of BB on cognition and EEG is linked to the spatial characteristics of the sound. Participants listened to various types of spatially moving sounds (BB, panning and alternate beeps) at 6Hz and 40Hz frequencies. EEG measurements were conducted throughout the auditory stimulation, and participants completed questionnaires on relaxation, affect, and a sustained attention task. The results indicated that binaural, panning sounds and alternate beeps had a more pronounced effect on electrical brain activity than the control condition. Additionally, an improvement in relaxation was observed with these sounds at both 6Hz and 40Hz. Overall, these findings support our hypothesis that the impact of auditory stimulation lies in the spatial attributes rather than the sensation of beating itself. (PsycInfo Database Record (c) 2024 APA, all rights reserved)","https://search.ebscohost.com/login.aspx?direct=true&AuthType=ip,shib,uid&db=psyh&AN=2025-10934-001&lang=es&site=ehost-live"
"An investigation of the effects of binaural beat frequencies on human brain waves.","Ulam, Frederick Anthony","Dissertation Abstracts International: Section B: The Sciences and Engineering",="04194217",,="20060101","67","2-B","1198","1","2006-99016-128",,"ProQuest Information & Learning","Dissertation","Brain; Electroencephalography; Auditory Evoked Potentials; Adulthood (18 yrs & older)",,"The study investigated the use of binaural beat frequencies in inducing entrainment of synchronous brain wave activity within the theta frequency band. Subjects consisted of 43 volunteers recruited from psychophysiology courses offered at the California State University at Fresno. Each subject served as his own control, receiving binaural beat stimulation, monaural beat stimulation, and monaural tone stimulation. Subjects were randomly assigned to three groups in which the order of treatments was counterbalanced. Subjects were naive as to the hypotheses, and treatments were delivered under double-blind conditions. Binaural beat stimulation was produced by the Hemi-Sync Synthesizer, Model 201B. Both 440 Hz and 436 Hz tones were used for stimulation conditions containing beat frequencies, while a 440 Hz tone alone was used for the monaural tone condition. EEG activity was recorded from Fp2, C2, O2 and T5 and T6 scalp locations, using an extension of the 10-20 International System. EEG activity was acquired with BFC5000-4 with on-line Spectral Analysis unit. An integrated, coherent averaging circuit was used to measure phase synchrony across the five electrode locations. Spectral data were quantified into absolute and relative power of theta at each electrode site, including the coherent averaging circuit channel. A three-factor, mixed ANOVA revealed no significant differences between groups on treatments, indicating that binaural beat stimulation produced no greater inducement of theta than the control conditions and that theta was no more synchronous during binaural beat stimulation than during control conditions. Suggestions for future research emphasized the inclusion of controls for the attentional focus of subjects and use of coherent averaging for each channel of the EEG in a more traditionally evoked potential paradigm. (PsycINFO Database Record (c) 2016 APA, all rights reserved)","https://search.ebscohost.com/login.aspx?direct=true&AuthType=ip,shib,uid&db=psyh&AN=2006-99016-128&lang=es&site=ehost-live"
"Analysis of eeg activity in response to binaural beats with different frequencies.","Gao, Xiang; Cao, Hongbao; Ming, Dong; Qi, Hongzhi; Wang, Xuemin; Wang, Xiaolu; Chen, Runge; Zhou, Peng","International Journal of Psychophysiology",="01678760",,="20141201","94","3","399","8","2014-55228-020","10.1016/j.ijpsycho.2014.10.010","Elsevier Science","Journal Article","Auditory Stimulation; Connectionism; Electroencephalography; Cognition; Stimulus Frequency; Adulthood (18 yrs & older); Young Adulthood (18-29 yrs); Male; Female",,"When two coherent sounds with nearly similar frequencies are presented to each ear respectively with stereo headphones, the brain integrates the two signals and produces a sensation of a third sound called binaural beat (BB). Although earlier studies showed that BB could influence behavior and cognition, common agreement on the mechanism of BB has not been reached yet. In this work, we employed Relative Power (RP), Phase Locking Value (PLV) and Cross-Mutual Information (CMI) to track EEG changes during BB stimulations. EEG signals were acquired from 13 healthy subjects. Five-minute BBs with four different frequencies were tested: delta band (1 Hz), theta band (5Hz), alpha band (10 Hz) and beta band (20 Hz). We observed RP increase in theta and alpha bands and decrease in beta band during delta and alpha BB stimulations. RP decreased in beta band during theta BB, while RP decreased in theta band during beta BB. However, no clear brainwave entrainment effect was identified. Connectivity changes were detected following the variation of RP during BB stimulations. Our observation supports the hypothesis that BBs could affect functional brain connectivity, suggesting that the mechanism of BB–brain interaction is worth further study. (PsycINFO Database Record (c) 2017 APA, all rights reserved)","https://search.ebscohost.com/login.aspx?direct=true&AuthType=ip,shib,uid&db=psyh&AN=2014-55228-020&lang=es&site=ehost-live"
"Binaural beat technology in humans: A pilot study to assess neuropsychologic, physiologic, and electroencephalographic effects.","Wahbeh, Helané; Calabrese, Carlo; Zwickey, Heather; Zajdel, Dan","The Journal of Alternative and Complementary Medicine",="10755535",,="20070301","13","2","199","8","2007-05037-003","10.1089/acm.2006.6201","Mary Ann Liebert, Inc.","Journal Article","Auditory Perception; Electroencephalography; Neuropsychology; Physiology; Technology; Anxiety; Verbal Memory; Adulthood (18 yrs & older); Middle Age (40-64 yrs); Male; Female",,"Objectives: When two auditory stimuli of different frequency are presented to each ear, binaural beats are perceived by the listener. The binaural beat frequency is equal to the difference between the frequencies applied to each ear. Our primary objective was to assess whether steady-state entrainment of electroencephalographic activity to the binaural beat occurs when exposed to a specific binaural beat frequency as has been hypothesized. Our secondary objective was to gather preliminary data on neuropsychologic and physiologic effects of binaural beat technology. Design: A randomized, blinded, placebo-controlled crossover experiment in 4 healthy adult subjects. Intervention: Subjects were randomized to experimental auditory stimulus of 30 minutes of binaural beat at 7 Hz (carrier frequencies: 133 Hz L; 140Hz R) with an overlay of pink noise resembling the sound of rain on one session and control stimuli of the same overlay without the binaural beat carrier frequencies on the other session. Outcome measures: Data were collected during two separate sessions 1 week apart. Neuropsychologic and blood pressure data were collected before and after the intervention; electroencephalographic data were collected before, during, and after listening to either binaural beats or control. Neuropsychologic measures included State Trait Anxiety Inventory, Profile of Mood States, Rey Auditory Verbal List Test, Stroop Test, and Controlled Oral Word Association Test. Spectral and coherence analysis was performed on the electroencephalogram (EEG), and all measures were analyzed for changes between sessions with and without binaural beat stimuli. Results: There were no significant differences between the experimental and control conditions in any of the EEG measures. There was an increase of the Profile of Mood States depression subscale in the experimental condition relative to the control condition (p = 0.02). There was also a significant decrease in immediate verbal memory recall (p = 0.03) in the experimental condition compared to control condition. Conclusions: We did not find support for steady-state entrainment of the scalp-recorded EEG while listening to 7-Hz binaural beats. Although our data indicated increased depression and poorer immediate recall after listening to binaural beats, larger studies are needed to confirm these findings. (PsycInfo Database Record (c) 2022 APA, all rights reserved)","https://search.ebscohost.com/login.aspx?direct=true&AuthType=ip,shib,uid&db=psyh&AN=2007-05037-003&lang=es&site=ehost-live"
"Binaural beat: A failure to enhance EEG power and emotional arousal.","López-Caballero, Fran; Escera, Carles","Frontiers in Human Neuroscience",="16625161",,="20171115","11",,,,"2017-52825-001","10.3389/fnhum.2017.00557","Frontiers Media S.A.","Journal Article","Electrical Activity; Electroencephalography; Heart Rate; Failure; Adulthood (18 yrs & older); Young Adulthood (18-29 yrs); Thirties (30-39 yrs); Male; Female",,"When two pure tones of slightly different frequencies are delivered simultaneously to the two ears, is generated a beat whose frequency corresponds to the frequency difference between them. That beat is known as acoustic beat. If these two tones are presented one to each ear, they still produce the sensation of the same beat, although no physical combination of the tones occurs outside the auditory system. This phenomenon is called binaural beat. In the present study, we explored the potential contribution of binaural beats to the enhancement of specific electroencephalographic (EEG) bands, as previous studies suggest the potential usefulness of binaural beats as a brainwave entrainment tool. Additionally, we analyzed the effects of binaural-beat stimulation on two psychophysiological measures related to emotional arousal: heart rate and skin conductance. Beats of five different frequencies (4.53 Hz -theta-, 8.97 Hz -alpha-, 17.93 Hz -beta-, 34.49 Hz -gamma- or 57.3 Hz -upper-gamma) were presented binaurally and acoustically for epochs of 3 min (Beat epochs), preceded and followed by pink noise epochs of 90 s (Baseline and Post epochs, respectively). In each of these epochs, we analyzed the EEG spectral power, as well as calculated the heart rate and skin conductance response (SCR). For all the beat frequencies used for stimulation, no significant changes between Baseline and Beat epochs were observed within the corresponding EEG bands, neither with binaural or with acoustic beats. Additional analysis of spectral EEG topographies yielded negative results for the effect of binaural beats in the scalp distribution of EEG spectral power. In the psychophysiological measures, no changes in heart rate and skin conductance were observed for any of the beat frequencies presented. Our results do not support binaural-beat stimulation as a potential tool for the enhancement of EEG oscillatory activity, nor to induce changes in emotional arousal. (PsycINFO Database Record (c) 2017 APA, all rights reserved)","https://search.ebscohost.com/login.aspx?direct=true&AuthType=ip,shib,uid&db=psyh&AN=2017-52825-001&lang=es&site=ehost-live"
"Binaural beats increase interhemispheric alpha-band coherence between auditory cortices.","Solcà, Marco; Mottaz, Anaïs; Guggisberg, Adrian G.","Hearing Research",="03785955",,="20160201","332",,"233","5","2016-10004-025","10.1016/j.heares.2015.09.011","Elsevier Science","Journal Article","Alpha Rhythm; Electroencephalography; Brain Connectivity; Synchrony; Lateral Dominance; Adulthood (18 yrs & older); Young Adulthood (18-29 yrs); Thirties (30-39 yrs); Male; Female",,"Binaural beats (BBs) are an auditory illusion occurring when two tones of slightly different frequency are presented separately to each ear. BBs have been suggested to alter physiological and cognitive processes through synchronization of the brain hemispheres. To test this, we recorded electroencephalograms (EEG) at rest and while participants listened to BBs or a monaural control condition during which both tones were presented to both ears. We calculated for each condition the interhemispheric coherence, which expressed the synchrony between neural oscillations of both hemispheres. Compared to monaural beats and resting state, BBs enhanced interhemispheric coherence between the auditory cortices. Beat frequencies in the alpha (10 Hz) and theta (4 Hz) frequency range both increased interhemispheric coherence selectively at alpha frequencies. In a second experiment, we evaluated whether this coherence increase has a behavioral aftereffect on binaural listening. No effects were observed in a dichotic digit task performed immediately after BBs presentation. Our results suggest that BBs enhance alpha-band oscillation synchrony between the auditory cortices during auditory stimulation. This effect seems to reflect binaural integration rather than entrainment. (PsycINFO Database Record (c) 2017 APA, all rights reserved)","https://search.ebscohost.com/login.aspx?direct=true&AuthType=ip,shib,uid&db=psyh&AN=2016-10004-025&lang=es&site=ehost-live"
"Binaural beats to entrain the brain? A systematic review of the effects of binaural beat stimulation on brain oscillatory activity, and the implications for psychological research and intervention.","Ingendoh, Ruth Maria; Posny, Ella S.; Heine, Angela","PLoS ONE",="19326203",,="20230519","18","5",,,"2023-76389-001","10.1371/journal.pone.0286023","Public Library of Science","Journal Article","Brain Stimulation; Electroencephalography; Electrophysiology; Intervention; Stimulation; Oscillatory Network",,"Binaural beats are an auditory phenomenon that occurs when two tones of different frequencies, which are presented separately to each ear, elicit the sensation of a third tone oscillating at the difference frequency of the two tones. Binaural beats can be perceived in the frequency range of about 1–30 Hz, a range that coincides with the main human EEG frequency bands. The brainwave entrainment hypothesis, which assumes that external stimulation at a certain frequency leads to the brain’s electrocortical activity oscillating at the same frequency, provides the basis for research on the effects of binaural beat stimulation on cognitive and affective states. Studies, particularly in more applied fields, usually refer to neuroscientific research demonstrating that binaural beats elicit systematic changes in EEG parameters. At first glance, however, the available literature on brainwave entrainment effects due to binaural beat stimulation appears to be inconclusive at best. The aim of the present systematic review is, thus, to synthesize existing empirical research. A sample of fourteen published studies met our criteria for inclusion. The results corroborate the impression of an overall inconsistency of empirical outcomes, with five studies reporting results in line with the brainwave entrainment hypothesis, eight studies reporting contradictory, and one mixed results. What is to be noticed is that the fourteen studies included in this review were very heterogeneous regarding the implementation of the binaural beats, the experimental designs, and the EEG parameters and analyses. The methodological heterogeneity in this field of study ultimately limits the comparability of research outcomes. The results of the present systematic review emphasize the need for standardization in study approaches so as to allow for reliable insight into brainwave entrainment effects in the future. (PsycInfo Database Record (c) 2024 APA, all rights reserved)","https://search.ebscohost.com/login.aspx?direct=true&AuthType=ip,shib,uid&db=psyh&AN=2023-76389-001&lang=es&site=ehost-live"
"Effects of auditory binaural beats on consciousness and the human nervous system: A transdisciplinary review of the evidence.","Krasnoff, Elizabeth W.","Dissertation Abstracts International: Section B: The Sciences and Engineering",="04194217",="9798738649387",="20210101","82","12-B",,,"2021-65616-075",,"ProQuest Information & Learning","Dissertation","Auditory Stimulation; Autonomic Nervous System; Nervous System; Vibration; Neurosciences; Pitch (Frequency)",,"This dissertation aims to offer a transdisciplinary synthesis of peer-reviewed research on the effects of auditory binaural beats (BB) on patterns of the brain activity and the autonomic nervous system. BB create an auditory illusion when two different sound frequencies are heard simultaneously and separately in the left and right ears. The result is the illusion of a third 'difference' tone at a pitch that matches the difference between the two original frequencies. This difference tone affects brain activity, influencing a person's state of consciousness, which is measurable in EEG rhythms. The present transdisciplinary overview of BB research, especially for professionals working with sound for healing, summarizes the progress of BB investigations in the disciplines of health, neuroscience and psychology, providing a broad perspective of the state of BB research and applications. Reviewed here are investigations of brainwave states, methods of measurement, and experimental protocols for BB. Recommendations for future research on BB are suggested. (PsycInfo Database Record (c) 2021 APA, all rights reserved)","https://search.ebscohost.com/login.aspx?direct=true&AuthType=ip,shib,uid&db=psyh&AN=2021-65616-075&lang=es&site=ehost-live"
"Effects of binaural and monaural beat stimulation on attention and EEG.","Engelbregt, Hessel; Barmentlo, Marinda; Keeser, Daniel; Pogarell, Oliver; Deijen, Jan Berend","Experimental Brain Research",="00144819",,="20210901","239","9","2781","11","2021-63725-001","10.1007/s00221-021-06155-z","Springer","Journal Article","Auditory Stimulation; Ear (Anatomy); Electroencephalography; Responses; Stimulation; Cognitive Assessment; College Students; Psychology Education; Adulthood (18 yrs & older); Young Adulthood (18-29 yrs); Male; Female",,"Nowadays a popular technique to improve mood and cognition is auditory beat stimulation (ABS), which is thought to induce a frequency-following response of brainwaves. The main types of ABS are monaural beats (MB) and binaural beats (BB). BB involves the presentation of a specific frequency to one ear and another frequency to the other ear which may induce neural entrainment. A difference between the frequencies of 40 Hz is assumed to improve cognition. The present study examined the effect of 40 Hz binaural beats (BB) and monaural beats (MB) on attention and electroencephalography (EEG). A total of 25 first-year psychology students (11 males, 14 females) performed a Flanker task while EEG was recorded during the 5 min-presentation of pink noise (PN), MB and BB. With respect to attention, as measured by the Flanker task, the number of false responses in the BB condition was smaller than that in the PN condition while the number of false responses in the MB condition was larger as compared to the PN condition. As there was no association of BB with a consistent increase in absolute 40 or 45 Hz power compared to PN or MB, EEG recordings could not confirm the hypothesized neural entrainment in the brain. Overall, the current findings show that listening to 40 Hz BB improves attention but do not show the occurrence of neural entrainment. Future research is recommended to include a larger sample, to use a broader cognitive test battery and to present auditory beats with a longer duration. (PsycInfo Database Record (c) 2021 APA, all rights reserved)","https://search.ebscohost.com/login.aspx?direct=true&AuthType=ip,shib,uid&db=psyh&AN=2021-63725-001&lang=es&site=ehost-live"
"Effects of inaudible binaural beats on visuospatial memory.","Kim, Ye-Jin; Kim, Kyu-Beom; Kim, Ji-Su; Kim, Hyung-Sik; Choi, Mi-Hyun; Yi, Jeong-Han; Chung, Soon-Cheol","NeuroReport: For Rapid Communication of Neuroscience Research",="09594965",,="20230607","34","10","501","5","2023-80136-002","10.1097/WNR.0000000000001916","Lippincott Williams & Wilkins","Journal Article","Alpha Rhythm; Auditory Stimulation; Brain Stimulation; Electroencephalography; Reaction Time; Visuospatial Memory; Adulthood (18 yrs & older); Male; Female",,"Objectives: Binaural beats are auditory beat stimulation that produces sounds and induces a specific state of brain wave based on the difference in the frequency of stimulation. This study aimed to investigate the effects of inaudible binaural beats on visuospatial memory at 18 000 Hz reference and 10 Hz difference frequencies. Methods: Eighteen adult subjects in their twenties were enrolled, including 12 males (mean age: 23.8 ± 1.2) and 6 females (mean age: 22.8 ± 0.8). An auditory stimulator providing 10 Hz binaural beats stimulation via 18 000 Hz to the left and 18 010 Hz to the right ears was used. The experiment consisted of two 5-min phases, including a rest phase and a task phase involving task performance without (Task-only) and with binaural beats stimulation (Task+BB). A 3-back task was used to measure visuospatial memory. Cognitive ability measured by task performance (accuracy and reaction time) with and without binaural beats, as well as variations in alpha power across different brain domains, were compared using paired t-tests. Results: Compared to the Task-only condition, the Task+BB condition had significantly higher accuracy and significantly shorter reaction time. The electroencephalogram analysis showed that the reduction level in alpha power for the task performance under the Task+BB condition was significantly lower in all brain areas except the frontal, compared to that under the Task-only condition. Conclusion: The significance of this study lies in having verified the independent effects of binaural beats stimulation without any auditory influence, based on visuospatial memory. 202379775 (PsycInfo Database Record (c) 2023 APA, all rights reserved)","https://search.ebscohost.com/login.aspx?direct=true&AuthType=ip,shib,uid&db=psyh&AN=2023-80136-002&lang=es&site=ehost-live"
"Electrical brain responses to an auditory illusion and the impact of musical expertise.","Ioannou, Christos I.; Pereda, Ernesto; Lindsen, Job P.; Bhattacharya, Joydeep","PLoS ONE",="19326203",,="20150612","10","6",,,"2015-27955-001","10.1371/journal.pone.0129486","Public Library of Science","Journal Article","Brain; Electrical Activity; Experience Level; Illusions (Perception); Music Perception; Electroencephalography; Musicians; Adulthood (18 yrs & older); Male; Female",,"The presentation of two sinusoidal tones, one to each ear, with a slight frequency mismatch yields an auditory illusion of a beating frequency equal to the frequency difference between the two tones; this is known as binaural beat (BB). The effect of brief BB stimulation on scalp EEG is not conclusively demonstrated. Further, no studies have examined the impact of musical training associated with BB stimulation, yet musicians' brains are often associated with enhanced auditory processing. In this study, we analysed EEG brain responses from two groups, musicians and non-musicians, when stimulated by short presentation (1 min) of binaural beats with beat frequency varying from 1 Hz to 48 Hz. We focused our analysis on alpha and gamma band EEG signals, and they were analysed in terms of spectral power, and functional connectivity as measured by two phase synchrony based measures, phase locking value and phase lag index. Finally, these measures were used to characterize the degree of centrality, segregation and integration of the functional brain network. We found that beat frequencies belonging to alpha band produced the most significant steady-state responses across groups. Further, processing of low frequency (delta, theta, alpha) binaural beats had significant impact on cortical network patterns in the alpha band oscillations. Altogether these results provide a neurophysiological account of cortical responses to BB stimulation at varying frequencies, and demonstrate a modulation of cortico- cortical connectivity in musicians' brains, and further suggest a kind of neuronal entrainment of a linear and nonlinear relationship to the beating frequencies. (PsycInfo Database Record (c) 2020 APA, all rights reserved)","https://search.ebscohost.com/login.aspx?direct=true&AuthType=ip,shib,uid&db=psyh&AN=2015-27955-001&lang=es&site=ehost-live"
"Event-related potentials to single-cycle binaural beats and diotic amplitude modulation of a tone.","Ungan, Pekcan; Yagcioglu, Suha; Ayik, Ece","Experimental Brain Research",="00144819",,="20190801","237","8","1931","15","2019-41577-002","10.1007/s00221-019-05562-7","Springer","Journal Article","Electroencephalography; Evoked Potentials; Masking; Responses; Stimulation; Ear (Anatomy); Subliminal Perception; Subliminal Stimulation; Adulthood (18 yrs & older); Young Adulthood (18-29 yrs); Male; Female",,"When two tones with slightly different frequencies are dichotically presented, binaural beats (BBs) are experienced. BBs resulting from the cycling change in interaural phase difference elicit electroencephalographic responses. Because they repeat at short periods, allowing poor recovery of the cortical responses, these steady-state responses have small amplitudes, and their various wave components intermingle and might mask each other. Using single-cycle BBs separated by relatively long inter-onset intervals would be a solution, but introducing a transient interaural frequency shift requires response subtraction which may not be acceptable for non-additive brain responses. The proposed stimulation method employs transient and monaurally subthreshold frequency shifts in opposite directions in the two ears to produce single-cycle BBs of a 250 Hz tone. These shifts are perceived as distinct BBs when presented dichotically, but remain subthreshold when presented monotically. Therefore, no frequency-shift response is elicited, and the specific BB response is obtained with no need for waveform subtraction. We recorded from 19 normal hearing participants the event-related potentials (ERPs) to single-cycle BBs and also to temporary diotic amplitude modulation (AM) with matched perceptual salience. The ERPs to single-cycle BBs presented at 2 s inter-onset intervals had N1-P2 responses with up to seven times larger amplitudes than the conventional steady-state BB responses in the literature. Significant differences were found between the scalp potential distributions of the N1 responses to BB and AM stimuli, suggesting that the cortical sites, where envelope-based level processing and temporal fine structure-based spatial processing of the stimulus take place, are not totally overlapped. (PsycINFO Database Record (c) 2019 APA, all rights reserved)","https://search.ebscohost.com/login.aspx?direct=true&AuthType=ip,shib,uid&db=psyh&AN=2019-41577-002&lang=es&site=ehost-live"
"Exploratory study of the effect of binaural beat stimulation on the EEG activity pattern in resting state using artificial neural networks.","da Silva Junior, Maurício; de Freitas, Rafaela Covello; dos Santos, Wellington Pinheiro; da Silva, Washington Wagner Azevedo; Rodrigues, Marcelo Cairrão Araújo; Conde, Erick Francisco Quintas","Cognitive Systems Research",="22144366",,="20190501","54",,"1","20","2019-02723-002","10.1016/j.cogsys.2018.11.002","Elsevier Science","Journal Article","Anxiety; Auditory Stimulation; Electroencephalography; Physiological Correlates; Artificial Neural Networks; Machine Learning; Adulthood (18 yrs & older); Young Adulthood (18-29 yrs); Thirties (30-39 yrs); Male; Female",,"Anxiety disorders afflict almost 7.3 percent of the world’s population. One in 14 people will experience anxiety disorder at the given year. When associated with mood disorders, anxiety can also trigger or increase other diseases’ symptoms and effects, like depression and suicidal behavior. Binaural beats are a low-frequency type of acoustic stimulation perceived when the individual is subjected to two slightly different wave frequencies, from 200 to 900 Hz. Binaural beats can contribute to anxiety reduction and modification of other psychological conditions and states, modifying cognitive processes and mood states. In this work, we applied a 5 Hz binaural beat to 6 different subjects, to detect a relevant change in their brainwaves before and after the stimuli. We applied 20 min stimuli in 10 separated sessions. We assessed the differences using a Multi-Layer Perceptron classifier in comparison with non-parametric tests and Low-Resolution Brain Electromagnetic Tomography (eLORETA). eLORETA showed remarkable changes in High Alpha. Both eLORETA and MLP approaches revealed outstanding modifications in high Beta. MLP evinced significant changes in Theta brainwaves. Our study evidenced high Alpha modulation at the limbic lobe, implicating in a possible reduction of sympathetic system activation in the studied sample. Our main results on eLORETA suggest a strong increase in the current distribution, mostly in Alpha 2, at the Anterior Cingulate, which is related to the monitoring of mistakes regarding social conduct, recognition and expression of emotions. We also found that MLPs are able of evincing the main differences with high separability in Delta and Theta. (PsycINFO Database Record (c) 2019 APA, all rights reserved)","https://search.ebscohost.com/login.aspx?direct=true&AuthType=ip,shib,uid&db=psyh&AN=2019-02723-002&lang=es&site=ehost-live"
"Human auditory steady state responses to binaural and monaural beats.","Schwarz, D. W. F.; Taylor, P.","Clinical Neurophysiology",="13882457",,="20050301","116","3","658","11","2005-04075-008","10.1016/j.clinph.2004.09.014","Elsevier Science","Journal Article","Auditory Cortex; Auditory Evoked Potentials; Auditory Stimulation; Response Frequency; Temporal Lobe; Auditory Localization; Adolescence (13-17 yrs); Adulthood (18 yrs & older); Young Adulthood (18-29 yrs); Thirties (30-39 yrs); Middle Age (40-64 yrs); Male; Female",,"Objective: Binaural beat sensations depend upon a central combination of two different temporally encoded tones, separately presented to the two ears. We tested the feasibility to record an auditory steady state evoked response (ASSR) at the binaural beat frequency in order to find a measure for temporal coding of sound in the human EEG. Methods: We stimulated each ear with a distinct tone, both differing in frequency by 40Hz, to record a binaural beat ASSR. As control, we evoked a beat ASSR in response to both tones in the same ear. We band-pass filtered the EEG at 40Hz, averaged with respect to stimulus onset and compared ASSR amplitudes and phases, extracted from a sinusoidal non-linear regression fit to a 40Hz period average. Results: A 40Hz binaural beat ASSR was evoked at a low mean stimulus frequency (400Hz) but became undetectable beyond 3kHz. Its amplitude was smaller than that of the acoustic beat ASSR, which was evoked at low and high frequencies. Both ASSR types had maxima at fronto-central leads and displayed a fronto-occipital phase delay of several ms. Conclusions: The dependence of the 40Hz binaural beat ASSR on stimuli at low, temporally coded tone frequencies suggests that it may objectively assess temporal sound coding ability. The phase shift across the electrode array is evidence for more than one origin of the 40Hz oscillations. Significance: The binaural beat ASSR is an evoked response, with novel diagnostic potential, to a signal that is not present in the stimulus, but generated within the brain. (PsycINFO Database Record (c) 2016 APA, all rights reserved)","https://search.ebscohost.com/login.aspx?direct=true&AuthType=ip,shib,uid&db=psyh&AN=2005-04075-008&lang=es&site=ehost-live"
"Intracranial electroencephalography power and phase synchronization changes during monaural and binaural beat stimulation.","Becher, Ann‐Katrin; Höhne, Marlene; Axmacher, Nikolai; Chaieb, Leila; Elger, Christian E.; Fell, Juergen","European Journal of Neuroscience",="0953816X",,="20150101","41","2","254","10","2015-02475-011","10.1111/ejn.12760","Wiley-Blackwell Publishing Ltd.","Journal Article","Auditory Stimulation; Electroencephalography; Epilepsy; Neurotherapy; Adulthood (18 yrs & older); Male; Female",,"Auditory stimulation with monaural or binaural auditory beats (i.e. sine waves with nearby frequencies presented either to both ears or to each ear separately) represents a non‐invasive approach to influence electrical brain activity. It is still unclear exactly which brain sites are affected by beat stimulation. In particular, an impact of beat stimulation on mediotemporal brain areas could possibly provide new options for memory enhancement or seizure control. Therefore, we examined how electroencephalography (EEG) power and phase synchronization are modulated by auditory stimulation with beat frequencies corresponding to dominant EEG rhythms based on intracranial recordings in presurgical epilepsy patients. Monaural and binaural beat stimuli with beat frequencies of 5, 10, 40 and 80 Hz and non‐superposed control signals were administered with low amplitudes (60 dB SPL) and for short durations (5 s). EEG power was intracranially recorded from mediotemporal, temporo‐basal and temporo‐lateral and surface sites. Evoked and total EEG power and phase synchronization during beat vs. control stimulation were compared by the use of Bonferroni‐corrected non‐parametric label‐permutation tests. We found that power and phase synchronization were significantly modulated by beat stimulation not only at temporo‐basal, temporo‐lateral and surface sites, but also at mediotemporal sites. Generally, more significant decreases than increases were observed. The most prominent power increases were seen after stimulation with monaural 40‐Hz beats. The most pronounced power and synchronization decreases resulted from stimulation with monaural 5‐Hz and binaural 80‐Hz beats. Our results suggest that beat stimulation offers a non‐invasive approach for the modulation of intracranial EEG characteristics. (PsycINFO Database Record (c) 2016 APA, all rights reserved)","https://search.ebscohost.com/login.aspx?direct=true&AuthType=ip,shib,uid&db=psyh&AN=2015-02475-011&lang=es&site=ehost-live"
"Modulation of item and source memory by auditory beat stimulation: A pilot study with intracranial EEG.","Derner, Marlene; Chaieb, Leila; Surges, Rainer; Staresina, Bernhard P.; Fell, Juergen","Frontiers in Human Neuroscience",="16625161",,="20181211","12",,,,"2018-66586-001","10.3389/fnhum.2018.00500","Frontiers Media S.A.","Journal Article","Auditory Stimulation; Brain Stimulation; Long Term Memory; Memory; Stimulation; Electrical Brain Stimulation; Electroencephalography; Epilepsy; Associative Memory; Adulthood (18 yrs & older); Male; Female",,"Auditory beat stimulation is an upcoming technique for non-invasive brain stimulation. Its influence on mediotemporal regions and memory processes has not yet been thoroughly investigated. A recent study suggests that auditory beats are able to alter intracranial EEG (iEEG) power and phase synchronization. 5 Hz binaural beat stimulation increased temporo-lateral phase synchronization, while 5 Hz monaural beat stimulation decreased mediotemporal synchronization. Based on the relevance of phase synchronization for memory operations, we hypothesized that 5 Hz binaural beat stimulation enhances, while 5 Hz monaural beat stimulation decreases long-term memory performance. We analyzed data from presurgical epilepsy patients with implanted depth electrodes in the hippocampus and rhinal cortex. 5 Hz monaural and binaural beat vs. control stimulation was applied while patients performed an associative learning task involving item and source recognition. We evaluated behavioral effects for item (hits minus false alarms) and source memory (correct minus incorrect) and the impact of auditory beats on iEEG power, rhinal-hippocampal phase synchronization and inter-trial phase locking. A three-way repeated measures ANOVA (encoding/retrieval, item/source, monaural/binaural/control) revealed a main effect of stimulation (p = 0.03) and a linear effect in the expected direction: binaural > control > monaural (p = 0.036). Both monaural and binaural stimulation were associated with increased phase locking of 5 Hz oscillations within rhinal cortex. These phase locking increases, however, corresponded to reverse phase shifts. Our data suggest that binaural vs. monaural 5 Hz stimulation increases vs. decreases long-term memory performance. These behavioral effects appear to be related to reverse phase shifts within rhinal cortex. (PsycInfo Database Record (c) 2020 APA, all rights reserved)","https://search.ebscohost.com/login.aspx?direct=true&AuthType=ip,shib,uid&db=psyh&AN=2018-66586-001&lang=es&site=ehost-live"
"Modulatory effect of association of brain stimulation by light and binaural beats in specific brain waves.","Calomen, Mauricio Rocha; da Silva, Vernon Furtado; Velasque, Bruna Brandão; Feijó, Olavo Guimarães; Bittencourt, Juliana Marques; de Souza e Silva, Alair Pedro Ribeiro","Clinical Practice and Epidemiology in Mental Health",="17450179",,="20170914","13",,,,"2017-42822-001",,"Bentham Science Publishers Ltd.","Journal Article","Auditory Stimulation; Brain Stimulation; Illumination; Parkinson's Disease; Age Differences; Alzheimer's Disease; Autism Spectrum Disorders; Dementia; Intellectual Development Disorder; Childhood (birth-12 yrs); Adulthood (18 yrs & older); Aged (65 yrs & older); Male; Female",,"Introduction: One of the positive effects of brain stimulation is interhemispheric modulation as shown in some scientific studies. This study examined if a type of noninvasive stimulation using binaural beats with led-lights and sound would show different modulatory effects upon Alfa and SMR brain waves of elderlies and children with some disease types. Subjects: The sample included 75 individuals of both genders, being, randomly, divided in 6 groups. Groups were named elderly without dementia diagnosis (EWD), n = 15, 76 ± 8 years, elderly diagnosed with Parkinson’s disease (EDP), n = 15, 72 ± 7 years, elderly diagnosed with Alzheimer’s disease (EDA), n = 15, 81 ± 6 years. The other groups were named children with Autism (CA), n = 10, 11 ± 4 years, children with Intellectual Impairment (CII), n = 10, 12 ± 5 years and children with normal cognitive development (CND), n = 10, 11 ± 4 years. Instruments and procedure: Instruments were the Mini Mental State Examination Test (MMSE), EEG-Neurocomputer instrument for brain waves registration, brain stimulator, Digit Span Test and a Protocol for working memory training. Data collection followed a pre and post-conjugated stimulation version. Results: The results of the inferential statistics showed that the stimulation protocol had different effects on Alpha and SMR brain waves of the patients. Also, indicated gains in memory functions, for both, children and elderlies as related to gains in brain waves modulation. Conclusion: The results may receive and provide support to a range of studies examining brain modulation and synaptic plasticity. Also, it was emphasized in the results discussion that there was the possibility of the technique serving as an accessory instrument to alternative brain therapies. (PsycInfo Database Record (c) 2024 APA, all rights reserved)","https://search.ebscohost.com/login.aspx?direct=true&AuthType=ip,shib,uid&db=psyh&AN=2017-42822-001&lang=es&site=ehost-live"
"Neural consequences of binaural beat stimulation on auditory sentence comprehension: An EEG study.","Kim, Jeahong; Kim, Hyun-Woong; Kovar, Jessica; Lee, Yune Sang","Cerebral Cortex",="10473211",,="20240101","34","1","1","9","2024-51130-059","10.1093/cercor/bhad459","Oxford University Press","Journal Article","Auditory Perception; Auditory Stimulation; Electroencephalography; Sentence Comprehension; Stimulation; Beta Rhythm; Adulthood (18 yrs & older); Young Adulthood (18-29 yrs); Thirties (30-39 yrs); Male; Female",,"A growing literature has shown that binaural beat (BB)—generated by dichotic presentation of slightly mismatched pure tones—improves cognition. We recently found that BB stimulation of either beta (18 Hz) or gamma (40 Hz) frequencies enhanced auditory sentence comprehension. Here, we used electroencephalography (EEG) to characterize neural oscillations pertaining to the enhanced linguistic operations following BB stimulation. Sixty healthy young adults were randomly assigned to one of three listening groups: 18-Hz BB, 40-Hz BB, or pure-tone baseline, all embedded in music. After listening to the sound for 10 min (stimulation phase), participants underwent an auditory sentence comprehension task involving spoken sentences that contained either an object or subject relative clause (task phase). During the stimulation phase, 18-Hz BB yielded increased EEG power in a beta frequency range, while 40-Hz BB did not. During the task phase, only the 18-Hz BB resulted in significantly higher accuracy and faster response times compared with the baseline, especially on syntactically more complex object-relative sentences. The behavioral improvement by 18-Hz BB was accompanied by attenuated beta power difference between object- and subject-relative sentences. Altogether, our findings demonstrate beta oscillations as a neural correlate of improved syntactic operation following BB stimulation. (PsycInfo Database Record (c) 2024 APA, all rights reserved)","https://search.ebscohost.com/login.aspx?direct=true&AuthType=ip,shib,uid&db=psyh&AN=2024-51130-059&lang=es&site=ehost-live"
"Perceptual Consequences of Disrupted Auditory Nerve Activity.","Zeng, Fan-Gang; Kong, Ying-Yee; Michalewski, Henry J.; Starr, Arnold","Journal of Neurophysiology",="00223077",,="20050601","93","6","3050","14","2005-05750-020","10.1152/jn.00985.2004","American Physiological Society","Journal Article","Acoustic Nerve; Auditory Perception; Hearing Disorders; Nervous System Disorders; Consequence; Childhood (birth-12 yrs); School Age (6-12 yrs); Adolescence (13-17 yrs); Adulthood (18 yrs & older); Young Adulthood (18-29 yrs); Thirties (30-39 yrs); Middle Age (40-64 yrs); Male; Female",,"Perceptual consequences of disrupted auditory nerve activity were systematically studied in 21 subjects who had been clinically diagnosed with auditory neuropathy (AN), a recently defined disorder characterized by normal outer hair cell function but disrupted auditory nerve function. Neurological and electrophysical evidence suggests that disrupted auditory nerve activity is due to desynchronized or reduced neural activity or both. Psychophysical measures showed that the disrupted neural activity has minimal effects on intensity-related perception, such as loudness discrimination, pitch discrimination at high frequencies, and sound localization using interaural level differences. In contrast, the disrupted neural activity significantly impairs timing related perception, such as pitch discrimination at low frequencies, temporal integration, gap detection, temporal modulation detection, backward and forward masking, signal detection in noise, binaural beats, and sound localization using interaural time differences. These perceptual consequences are the opposite of what is typically observed in cochlear-impaired subjects who have impaired intensity perception but relatively normal temporal processing after taking their impaired intensity perception into account. These differences in perceptual consequences between auditory neuropathy and cochlear damage suggest the use of different neural codes in auditory perception: a suboptimal spike count code for intensity processing, a synchronized spike code for temporal processing, and a duplex code for frequency processing. We also proposed two underlying physiological models based on desynchronized and reduced discharge in the auditory nerve to successfully account for the observed neurological and behavioral data. These methods and measures cannot differentiate between these two AN models, but future studies using electric stimulation of the auditory nerve via a cochlear implant might. These results not only show the unique contribution of neural synchrony to sensory perception but also provide guidance for translational research in terms of better diagnosis and management of human communication disorders. (PsycINFO Database Record (c) 2016 APA, all rights reserved)","https://search.ebscohost.com/login.aspx?direct=true&AuthType=ip,shib,uid&db=psyh&AN=2005-05750-020&lang=es&site=ehost-live"
"Personalized theta and beta binaural beats for brain entrainment: An electroencephalographic analysis.","Corona-González, César E.; Alonso-Valerdi, Luz María; Ibarra-Zarate, David I.","Frontiers in Psychology",="16641078",,="20211111","12",,,,"2022-11107-001","10.3389/fpsyg.2021.764068","Frontiers Media S.A.","Journal Article","Ear (Anatomy); Electroencephalography; Personalization; Stimulation; Theta Rhythm; Adulthood (18 yrs & older); Young Adulthood (18-29 yrs); Thirties (30-39 yrs); Male; Female",,"Binaural beats (BB) consist of two slightly distinct auditory frequencies (one in each ear), which are differentiated with clinical electroencephalographic (EEG) bandwidths, namely, delta, theta, alpha, beta, or gamma. This auditory stimulation has been widely used to module brain rhythms and thus inducing the mental condition associated with the EEG bandwidth in use. The aim of this research was to investigate whether personalized BB (specifically those within theta and beta EEG bands) improve brain entrainment. Personalized BB consisted of pure tones with a carrier tone of 500 Hz in the left ear together with an adjustable frequency in the right ear that was defined for theta BB (since fc for theta EEG band was 4.60 Hz ± 0.70 SD) and beta BB (since fc for beta EEG band was 18.42 Hz ± 2.82 SD). The adjustable frequencies were estimated for each participant in accordance with their heart rate by applying the Brain-Body Coupling Theorem postulated by Klimesch. To achieve this aim, 20 healthy volunteers were stimulated with their personalized theta and beta BB for 20 min and their EEG signals were collected with 22 channels. EEG analysis was based on the comparison of power spectral density among three mental conditions: (1) theta BB stimulation, (2) beta BB stimulation, and (3) resting state. Results showed larger absolute power differences for both BB stimulation sessions than resting state on bilateral temporal and parietal regions. This power change seems to be related to auditory perception and sound location. However, no significant differences were found between theta and beta BB sessions when it was expected to achieve different brain entrainments, since theta and beta BB induce relaxation and readiness, respectively. In addition, relative power analysis (theta BB/resting state) revealed alpha band desynchronization in the parieto-occipital region when volunteers listened to theta BB, suggesting that participants felt uncomfortable. In conclusion, neural resynchronization was met with both personalized theta and beta BB, but no different mental conditions seemed to be achieved. (PsycInfo Database Record (c) 2024 APA, all rights reserved)","https://search.ebscohost.com/login.aspx?direct=true&AuthType=ip,shib,uid&db=psyh&AN=2022-11107-001&lang=es&site=ehost-live"
"Reduced pain and analgesic use after acoustic binaural beats therapy in chronic pain—A double‐blind randomized control cross‐over trial.","Gkolias, Vasileios; Amaniti, Aikaterini; Triantafyllou, Areti; Papakonstantinou, Panagiota; Kartsidis, Panagiotis; Paraskevopoulos, Evangelos; Bamidis, Panagiotis D.; Hadjileontiadis, Leontios; Kouvelas, Dimitrios","European Journal of Pain",="10903801",,="20201001","24","9","1716","14","2020-55856-001","10.1002/ejp.1615","Wiley-Blackwell Publishing Ltd.","Journal Article","Analgesia; Auditory Stimulation; Chronic Pain; Pain Management; Treatment; Drug Therapy; Adulthood (18 yrs & older); Male; Female",,"Background: Binaural Beats (BB) consist of two artificial acoustic stimuli with different frequency, presented simultaneously but independently to each ear. The human brain perceives and synchronizes to this frequency difference (entrainment). Aim of this study was to test the hypothesis that brain entrainment to a lower function rhythm, with BB application, can decrease pain perception and analgesic medication use, in chronic pain patients. Methods: In a double blind, randomized, cross‐over trial, BB at 5Hz (theta rhythm) were applied for 30 minutes, under simultaneous electroencephalogram recordings, followed by liberal, on demand use by chronic pain patients for a week, compared to sham stimulation (SS). Pain as the main outcome (numeric scale, NRS), stress (STAI) and medication usage (defined daily doses, DDD) were assessed at baseline, 30 minutes and week's end. Results: Perceived pain (NRS) was significantly reduced in BB intervention (5.6 ± 2.3 to 3.4 ± 2.6, p < 0.001), compared to SS (5.2 ± 2.1 to 4.8 ± 2.3, p = 0.78), during the first 30‐minute phase, as well as at the week's end (to 3.9 ± 2.5 compared to 5.5 ± 2.6 respectively, p < 0.001). The mean EEG theta power at 5Hz was significantly increased only during BB application. Stress was significantly reduced at 30 minutes in both interventions but remained reduced only in the BB group at the week's end. Analgesic medication consumption (DDD, g) during the week was significantly less in the BB intervention (3.9 ± 3.7 vs. 4.6 ± 4.1, p < 0.05), while reporting equal to SS mean levels of pain. Conclusions: Acoustic BB reduced pain intensity, stress and analgesic use, compared to SS, in chronic pain patients. Significance: This study provides evidence that theta rhythm binaural beats can alleviate pain intensity, both after a brief 30 minute and a longer one week on‐demand intervention. The subsequent significant reduction in analgesic medication consumption in chronic pain patients' daily living could offer a valuable tool, augmenting the effect of existing pain therapies. (PsycInfo Database Record (c) 2021 APA, all rights reserved)","https://search.ebscohost.com/login.aspx?direct=true&AuthType=ip,shib,uid&db=psyh&AN=2020-55856-001&lang=es&site=ehost-live"
"The impact of monaural beat stimulation on anxiety and cognition.","Chaieb, Leila; Wilpert, Elke C.; Hoppe, Christian; Axmacher, Nikolai; Fell, Juergen","Frontiers in Human Neuroscience",="16625161",,="20170515","11",,,,"2017-24129-001","10.3389/fnhum.2017.00251","Frontiers Media S.A.","Journal Article","Anxiety; Emotional States; Long Term Care; Short Term Memory; Adulthood (18 yrs & older); Male; Female",,"Application of auditory beat stimulation has been speculated to provide a promising new tool with which to alleviate symptoms of anxiety and to enhance cognition. In spite of reportedly similar EEG effects of binaural and monaural beats, data on behavioral effects of monaural beats are still lacking. Therefore, we examined the impact of monaural beat stimulation on anxiety, mood and memory performance. We aimed to target states related to anxiety levels and general well-being, in addition to long-term and working memory processes, using monaural beats within the range of main cortical rhythms. Theta (6 Hz), alpha (10 Hz) and gamma (40 Hz) beat frequencies, as well as a control stimulus were applied to healthy participants for 5 min. After each stimulation period, participants were asked to evaluate their current mood state and to perform cognitive tasks examining long-term and working memory processes, in addition to a vigilance task. Monaural beat stimulation was found to reduce state anxiety. When evaluating responses for the individual beat frequencies, positive effects on state anxiety were observed for all monaural beat conditions compared to control stimulation. Our results indicate a role for monaural beat stimulation in modulating state anxiety and are in line with previous studies reporting anxiety-reducing effects of auditory beat stimulation. (PsycInfo Database Record (c) 2022 APA, all rights reserved)","https://search.ebscohost.com/login.aspx?direct=true&AuthType=ip,shib,uid&db=psyh&AN=2017-24129-001&lang=es&site=ehost-live"
"Tracking EEG changes in response to alpha and beta binaural beats.","Vernon, D.; Peryer, G.; Louch, J.; Shaw, M.","International Journal of Psychophysiology",="01678760",,="20140701","93","1","134","6","2012-29693-001","10.1016/j.ijpsycho.2012.10.008","Elsevier Science","Journal Article","Alpha Rhythm; Auditory Stimulation; Electroencephalography; Beta Rhythm; Adulthood (18 yrs & older); Young Adulthood (18-29 yrs); Thirties (30-39 yrs); Male; Female",,"A binaural beat can be produced by presenting two tones of a differing frequency, one to each ear. Such auditory stimulation has been suggested to influence behaviour and cognition via the process of cortical entrainment. However, research so far has only shown the frequency following responses in the traditional EEG frequency ranges of delta, theta and gamma. Hence a primary aim of this research was to ascertain whether it would be possible to produce clear changes in the EEG in either the alpha or beta frequency ranges. Such changes, if possible, would have a number of important implications as well as potential applications. A secondary goal was to track any observable changes in the EEG throughout the entrainment epoch to gain some insight into the nature of the entrainment effects on any changes in an effort to identify more effective entrainment regimes. Twenty two healthy participants were recruited and randomly allocated to one of two groups, each of which was exposed to a distinct binaural beat frequency for ten 1-minute epochs. The first group listened to an alpha binaural beat of 10Hz and the second to a beta binaural beat of 20 Hz. EEG was recorded from the left and right temporal regions during pre-exposure baselines, stimulus exposure epochs and post-exposure baselines. Analysis of changes in broad-band and narrow-band amplitudes, and frequency showed no effect of binaural beat frequency eliciting a frequency following effect in the EEG. Possible mediating factors are discussed and a number of recommendations are made regarding future studies, exploring entrainment effects from a binaural beat presentation. (PsycINFO Database Record (c) 2017 APA, all rights reserved)","https://search.ebscohost.com/login.aspx?direct=true&AuthType=ip,shib,uid&db=psyh&AN=2012-29693-001&lang=es&site=ehost-live"
